no,urls,user_id,username,user_display_name,tweet_id,full_text,created_at,retweet_count,like_count
1,[],1234260560931246080,nanminan76,kak miğŸ»,1840896777899426210,@kreestee15 ibukota baru?,Mon Sep 30 23:29:28 +0000 2024,0,0
2,[],1362074062717997071,ssfrieren,Paduka Himmel.,1840884432024322375,"â€œTelah dibuka untuk umumâ€

Ini area wisata baru kah? Berapa tiket masuknya? Kalau jadi member dapat potongan harga berapa persen? Aman gak buat keluarga?

Pemilihan kata yang jelek atau memang IKN itu Ibukota Khusus Nepoâ€¦(prit).",Mon Sep 30 22:40:25 +0000 2024,0,0
3,[],72325384,sirulhaq,Daeng Pengacara,1840805078221144346,"@TataGassing2 @remunov @dryukira @divanggrnii @vincentstefs Boleh, kemungkinan Sudiang jadi Ibukota Negara Republik Indonesia.

Soalnya IKN batal jadi ibukota negara dan Jakarta sudah dicabut status sebagai ibukota negara. 

Jadi nanti, @prabowo dilantik di sudiang saja, secara ibukota negara yang baru.",Mon Sep 30 17:25:05 +0000 2024,0,3
4,[],1484037560351735809,ari81127730,ari,1840783354607882335,"@pshsbae @ZaenXYZ @sociotalker masalahnya kenapa di cabut skrg?gk besok2 aja jk ikn dah siap,ngejar target predikat bapak bangsa yg mampu memindahkan ibukota negara kah?tp kan ibukota baru blm siap.pokoknya ikn hrs jokowi jk gagal rakyat yg jd serigala hitam",Mon Sep 30 15:58:46 +0000 2024,0,0
5,[],60275067,eseinosa,Nosa Normanda,1840777530749698048,"Untuk menghindari premanisme, pemerintah bikin ibukota baru diantah berantah. Wkwkkwkw.",Mon Sep 30 15:35:37 +0000 2024,0,0
6,[],1713445137253289984,_stvrdust,mir,1840753753303228786,"ğŸª Venue Detail ğŸª
.
ğŸ“ Teater GRJS BLOK M, Jakarta Selatan

[Jl. Bulungan No.1 9 - 16, RT.11/RW.7, Kramat Pela, Kec. Kby. Baru, Kota Jakarta Selatan, Daerah Khusus Ibukota Jakarta 12130]

â€” Slide for more info! â¡ï¸ https://t.co/ormPtyIXOf",Mon Sep 30 14:01:08 +0000 2024,0,1
7,[],1729828041009078272,Cowboy007b,skop,1840750568416948248,"@Lembayung071 Bangun ibukota baru itu bukan dengan bangun istana kelelawar kayak begitu. 
Bangun ibukota baru itu yg hrs diutamakan bangun infrastruktur, rumah2 sakit, sekolah2, Universitas2, kompleks perumahan, kantor2, hotel2, stasiun KA, pangkalan tranportasi, airport dls. Pasar2, dls.",Mon Sep 30 13:48:29 +0000 2024,0,0
8,[],960773334,miskiy28,Kiy,1840749389268361460,"Mgkn nantinya kaya putrajaya di malaysia. Itu kan ibukota malaysia yg baru ya, tp hny utk kantor pemerintahan mulai dr istana raja, istana PM, sampai kementrian lembaga. Kl sabtu minggu dibuka utk umum yg pengin lihat2 poto2 di situ. Btw, kl lihat istananya, masih bagusan IKN deh",Mon Sep 30 13:43:48 +0000 2024,3,8
9,[],717163508920504320,firzafp,"HTTP is Dead / Muhammad Firza S., Kom.",1840727079886934466,"@tempodotco Nusantara bisa jadi 'neraka pembangunan', batal sama dengan ""rencana ibukota Argentina baru adalah Viedma"", tapi tak bisa cepat.",Mon Sep 30 12:15:09 +0000 2024,0,0
10,[],2281270728,sonnyprakosa7,Sonny Prakosa,1840719608011259942,"@realfedinuril @jokowi Waduh, Mulyono lupa kali kalo ada UU-RI itu. Saya sih setuju ibu kota baru pengganti Jakarta. Jakarta biar jadi kota metropolitan aja. Tapi bikin ibukota baru juga mesti matang perencanaan dan melibatkan banyak pihak dan butuh waktu lama dan anggaran besar jadi ojo kesusu. ğŸ¤£ğŸ˜‚ğŸ˜…",Mon Sep 30 11:45:28 +0000 2024,0,0
11,[],1655739052170289152,naspikabardin,abdrohim,1840717868717216210,"@Andria75777 Bisa jadi bom waktu, bila sang anak dicuekin sama ""si gemoy"" maka sang bapak bakal ""kirim"" orang tuk gugat keabsahan pelantikan yang tidak di ibukota. Maka, negeri ini baru akan bener sampai ""orang ini"" bergelar 'mendiang'.",Mon Sep 30 11:38:33 +0000 2024,0,0
12,[],1724756936,unfriendly_frnd,ur unfriendly friend,1840715591684079734,"@happppycouple kalo secara istilah iya, kecuali jkt ibukota negara. Tp secara umum surabaya/semarang udah msk kota besar, jelas dlm hal kultur dll msh beda. Kalo yg ak liat sih untuk disini msh hal baru,dan lingkup kota pun msh sulit untuk ga ktmu org yg kenal atau bahkan mgkin ketauan",Mon Sep 30 11:29:30 +0000 2024,0,0
13,[],1685556501539328000,MbotPebby,pebby mbot,1840695660913262986,"Miris..sepanjang sejarah Negara Indonesia, baru kali ini  Ibukota nya gak jelas ada dimana. ğŸ¤”",Mon Sep 30 10:10:18 +0000 2024,0,0
14,[],1055612952,Bud_Cavalera,Maling Cundang,1840680445585035640,@kosongualu Culasnya Mulyono giliran demi ambisi legacy membangun ibukota baru berlindung dibalik nama besar Bung Karno tapi giliran cari Chuan ekspor pasir laut tidak mengindahkan apa yg pernah jadi seruan bung Karno utk memboikot perdagangan dgn negara Singapura,Mon Sep 30 09:09:51 +0000 2024,0,0
15,[],1699713025291472896,marcus_girsang,Marcus Girsang,1840674924308140160,@agnessintiaa Keputusan pemerintah untuk membangun ibukota baru adalah langkah transformatif,Mon Sep 30 08:47:54 +0000 2024,0,0
16,[],1074858388301873152,Muhammad_KyovaN,Muhammad Kyova Nugraha,1840672089109414211,Baru tau kalo Sukarno bukan penggagas pemindahan ibukota Indonesia ke Palangkaraya,Mon Sep 30 08:36:38 +0000 2024,0,0
17,[],1692380017114906624,anika_cordelia,Anika Cordelia,1840668510944722959,"@agnessintiaa Ibukota yang baru, bikin kita semakin relevan di dunia global.",Mon Sep 30 08:22:25 +0000 2024,0,0
18,[],983303322256855040,afritayee,Istrinya Jamet Ibukota ğŸ™ğŸ»,1840667138778145116,"Buset, baru 1x dikirim paket via wahana sm temen pas pesen madu. Udah diakalin penipu aja nomer gue.",Mon Sep 30 08:16:58 +0000 2024,0,0
19,[],1683376011210285059,prajana_zayan5,Prajana Zayan,1840665723057868913,"@agnessintiaa Ibukota baru, representasi bahwa kita bisa tetap trendsetter dengan green lifestyle",Mon Sep 30 08:11:20 +0000 2024,0,0
20,[],1683379584061046785,sahla_maide,Sahla Meide,1840664994645434529,"@agnessintiaa Dengan optimisme, kita sambut masa depan gemilang melalui ibukota baru",Mon Sep 30 08:08:27 +0000 2024,0,0
21,[],1144255556,la_lunebrille,Li,1840660343736979527,"Ha wkwk baru tau ada tempat yg bakalan jadi ibukota negara dibatasi kunjungannya, kayaknya di negara lain kaga ada yg begitu",Mon Sep 30 07:49:58 +0000 2024,0,0
22,[],115438018,sociotalker,Joel Picard,1840656050984460528,"@akbarfaizal68 @DedynurPalakka @jokowi kegenitan itu terjadi kala nafsu mengejar impian lebih besar dr kemampuan yg dimiliki. wujudnya macam2. ada yg genit bikin akun anonim buat komentarin payudara perempuan, ada yg genit nebeng jet pribadi. dan ada yg genit bangun ibukota baru tapi gk laku2 di mata investor.",Mon Sep 30 07:32:54 +0000 2024,0,7
23,[],1110322796834377728,sandratyas__,sandra,1840649781963825578,@andromhndr @teeewong Iya nde ibukota baru itu~,Mon Sep 30 07:08:00 +0000 2024,0,0
24,[],1693874579922657280,melati_mayis,Melati Mayis,1840643780560715826,"@ranofardian Ibukota baru, bikin kita semakin terkoneksi dengan tren global keberlanjutan.",Mon Sep 30 06:44:09 +0000 2024,0,0
25,[],329486084,ridwanhere,Ridwan,1840642420612219362,"@tempodotco sebagai rakyat aspirasi gw itu militer indonesia pakai gundam, bukan ibukota baru",Mon Sep 30 06:38:45 +0000 2024,0,0
26,[],1815314994931863552,fajar_praset2,Fajar prasetya,1840639680364384669,@ranofardian Infrastruktur canggih ibukota baru akan memicu pertumbuhan ekonomi,Mon Sep 30 06:27:51 +0000 2024,0,0
27,[],1681502714935808000,hinan_kuswati,Hinan Kuswati,1840639519420510584,@ranofardian Keputusan membangun ibukota baru menunjukkan kepemimpinan strategis,Mon Sep 30 06:27:13 +0000 2024,0,0
28,[],1754854320800141312,SZbr1958,SZ,1840631068271182031,"Perlu dong, jika seandainya jd polemik konstitusi ttg ibukota negara maka Presiden terpilih belum bisa dilantik, solusinya mulyono diperpanjang dulu jabatannya smp presiden baru dilantik",Mon Sep 30 05:53:38 +0000 2024,0,0
29,"[{'display_url': 'youtu.be/UhOJjB_8KR0?siâ€¦', 'expanded_url': 'https://youtu.be/UhOJjB_8KR0?si=X4_f9grmui4wJ0JN', 'url': 'https://t.co/4ugs2JPXN4', 'indices': [0, 23]}]",634341987,AkmalAlBintany,Abul Haarits Akmal Al-Bintany,1840600539316552136,"https://t.co/4ugs2JPXN4

Wow...
Presiden dan wakil presiden yg baru tidak bisa dilantik di Jakarta. Yg melantik mereka adalah MPR dan MPR bersidang di ibukota negara.",Mon Sep 30 03:52:19 +0000 2024,0,0
30,[],1741782466942439424,LindaArito73518,Arlynda ratu,1840600115809022447,"@Lembayung071 Makanya otak dipake, bikin sesuatu kalo belom kelar jangan jumawa, 
Status DKI kenapa harus buru buru dicabut sebagai ibukota negara, udah keteteran baru sibuk klarifikasi.",Mon Sep 30 03:50:38 +0000 2024,0,0
31,[],1676423786680451073,GunturKesu72057,Guntur Kesuma,1840578165217145220,"@realfedinuril @jokowi Masalahnya bung Karno ingin memindahkan ibukota ke kota yang sudah ada ,jadi pembangunannya langsung di nikmati masyarakat, dan pemerataannya juga langsung,bukan buat kota baru yang nanti hanya akan di tempati pemerintah dan orang orang kaya",Mon Sep 30 02:23:25 +0000 2024,6,77
32,[],1609556378,DosaSeabrek,Belom Dewasa,1840568002468851796,@Kobar_Baru @cobeh2022 Palembang terkenal di ibukota kalo ga begal ya copet.... ğŸ¤£ğŸ¤£ğŸ¤£,Mon Sep 30 01:43:02 +0000 2024,0,0
33,[],1788011628010881024,Sonderiann,Sonder,1840558532820931051,Semalem baru sampe JKT di sambut para bintang ibukota @bebas_ZHX @Jazazyel ğŸ¤«,Mon Sep 30 01:05:24 +0000 2024,0,5
34,[],974087057071992832,Kaisar_Dusun,ğ’ğğ¨ğ«ğšğ§ğ  Ká—´á’ªá—©á‘á—©,1840557146053935273,"@Lembayung071 Ibukota baru belum jadi, DKI ganti DKJ. Ambisi muluk-muluk gak ketulungan.  Pendukung bayaran ramai-ramai nyebokin. Gak capai ya tiap hari nyebokin?",Mon Sep 30 00:59:54 +0000 2024,0,0
35,[],1594107861801791488,RonnyHendrawa19,ANU,1840549211513004197,"@Andria75777 Santai duluuu.. 
Nunggu penetapan Ibukota baru.. 
Kita liat sambil ngopi ajaa...",Mon Sep 30 00:28:22 +0000 2024,0,0
36,[],1482568833072508928,Wtm070,Wahyu pun katakata,1840547570550231291,"@DedynurPalakka 2 periode mencetak banyak sejarah bener ini

Mecahin rekor utang negara
Sejarah baru dpr kompak sampai undang2 bisa dibuat hitungan hari aja
Sejarah baru ibukota pindah, Eh udah pindah blm ya??
Sejarah baru, matinya oposisi
Sejarah baru korrup 417t denda 5k

Akui aja SBY lbh  jos",Mon Sep 30 00:21:51 +0000 2024,0,0
37,[],473090819,SeputarMadrid,Seputar Real Madrid,1840537933247648130,"â—ï¸Klasemen sementara LaLiga EA Sports 24/25 sampai jornada 8.

âï¸ Setelah meraih hasil imbang di Derby Ibukota, Real Madrid memangkas selisih satu poin dengan Barcelona, yang di pekan ini menderita kekalahan 4-2 melawan Osasuna.

ğŸ”œ Villarreal baru akan bertanding dini hari nanti https://t.co/T1cNlidCjc",Sun Sep 29 23:43:33 +0000 2024,4,163
38,[],1480489820086439937,kudohkun,Rayan Madhava.,1840534150358732865,"@aruspasang ã…¤

Macet, sudah tak asing bagi penduduk ibukota. Terjebak sekian menit dengan kondisi jalan padat merayap bukanlah hal baru. Bagi yang memiliki janji penting, berangkat lebih awal merupakan suatu keharusan.

ã…¤",Sun Sep 29 23:28:31 +0000 2024,0,0
39,[],1758836463918317568,thya270181,Gendis,1840532044822241357,@Hilmi28 Sejarah baru Indonesia tak punya ibukota utk saat ini,Sun Sep 29 23:20:09 +0000 2024,0,0
40,[],1704961429818990592,saturdaysnight5,satur days,1840472364813086941,"@tempodotco Lo bayangin, emang ada rakyat bego yang kepikiran pengen ibukota baru disaat nyari kerja dan nyari makan susah? Otak kau memang otak kontol",Sun Sep 29 19:23:00 +0000 2024,0,3
41,[],3164520774,Rudy_Komunita,Rudy Komunita,1840443449264480277,@StefanAntonio__ Sesuatu yang dipaksakan hasilnya sulit untuk maksimal. Bukankah membangun rumah saja butuh perencanaan yang matang?. Sebagai perbandingan coba sempatkan cek perkembangan proses pembangunan ibukota baru Mesir pada kurun waktu yang nyaris bersamaan.,Sun Sep 29 17:28:06 +0000 2024,0,2
42,[],1791107598043037697,UjangWijay79594,Ujang Wijaya,1840440856366784592,Potret kehidupan sehari-hari warga pendatang baru yang merantau para pencari kerja di ibukota hingga sekarang ini kian bertambah seiring pada masa era lebaran 2023-2024 hingga sekarang ini terasa banyak diminati masyarakat pendatang baru dari luar daerah dengan mengadu nasib di https://t.co/t7iQCZfj6W,Sun Sep 29 17:17:48 +0000 2024,0,0
43,[],1671156984761155586,rikiAiza,riki,1840430112912916548,"@Lembayung071 Ibukotanya udah hilang!
Tinggal DKJ!
Kalau masih di Jakarta,
ngapain juga buang Ibukota?
Biarkan aja dulu sampai IKN jadi,
baru menerbitkan UU DKJ!",Sun Sep 29 16:35:07 +0000 2024,0,6
44,[],1657656257808052226,SkylerWhore,HEISENBERG,1840408926531248580,"@ploraid89 @lANZAlNAL dikasih lapangan kerja juga ""si perusahaan"" gamau ambil anak badung, pabrik-pabrik di ibukota tuh tau bibit mana yg unggul, mereka selalu rekrut anak-anak dr jateng/jatim, jaman gw dulu dr kurleb 1000 pekerja baru pabrik yg akamsi jkt cuma 2 orang.",Sun Sep 29 15:10:55 +0000 2024,0,0
45,[],1636612314874126336,kantahkabbogor2,Kantor Pertanahan Kab.Bogor II,1840405100046803100,"SampurasunÂ #SobATRBPNBogorII, kantor Pertanahan Kabupaten Bogor II mengikuti kegiatan RUN &amp; FUN dalam rangka HANTARU tahun 2024 di Kementerian ATR/BPN Jl. Sisingamangaraja, Kec. Kby. Baru, Kota Jakarta Selatan, Daerah Khusus Ibukota Jakarta. https://t.co/hbYeDuctTh",Sun Sep 29 14:55:43 +0000 2024,0,0
46,[],44305269,abdinst,Y4ND4,1840403844163080479,"@DedynurPalakka @jokowi SOEKARNO MAUNYA PALANGKARAYA, BUKAN BUAT IBUKOTA BARU SEPERTI IKN YG BUTUH BIAYA BESAR. SOK BANYAK DUIT, DI TANGERANG, ANAKNYA MULYONO NEMU BANYAK RUMAH YG GAK LAYAK HUNI. ITU JARAKNYA CUMA SEPELEMPARAN BATU DARI JAKARTA, GIMANA DAERAH LAIN YA. OTAK DUNGU ITU JANGAN DIPIARA ğŸ¤£",Sun Sep 29 14:50:44 +0000 2024,0,0
47,[],1749986845033984000,ade_lesmana78,Adelzz,1840397205473304689,"@TeddGus Bapak Presiden baru akan dilantik dimana..?? Daerah Khusus Jakarta, lah kok bisa..? Memang Indonesia gak punya ibukota..?? 
Ibukotanya sudah terlanjur dipindahkan ke IKN, lah kenapa gak di IKN dilantiknya, IKN nya belum selesai, status Jakarta sudah dicabut bukan ibu kota lagi",Sun Sep 29 14:24:21 +0000 2024,0,3
48,[],612732558,desDesyAstuti_,Desy Stefani Putri,1840393858284507221,"@Andria75777 Emang ibukota udah resmi di pindah ke ikn ?

Kek nya butuh beberapa kali ganti presiden dah baru tuh ikn bener2 jadi/siap.

Masa iya project belom kelar udah secepet itu di pindah ibukota ?

So ibukota indonesia masih DKI !

Bikin tread sesat amat .",Sun Sep 29 14:11:03 +0000 2024,0,0
49,[],1500489906329505796,kolamkopi,Kopi Iced shaken,1840393535977341428,"@Hilmi28 ğŸ¤£ ... Uu tahun 2022 mencabut dki, uu 25 tahun 24 tentang ibukota ikn, uu 63 tahun 24 pemindahan menunggu  keppres, nunggu uu baru soal pelantikan karena ibukota sedang bingung, tiap ada masalah bikin uu ğŸ¤£, ibarat ibukota disana ddibuang, disini ditolak,",Sun Sep 29 14:09:46 +0000 2024,0,0
50,[],545264533,WAHYU_UNIFORM,ğŸ†„ğŸ…½ğŸ…¸ğŸ…µğŸ…¾ğŸ†ğŸ…¼ğŸ‘”ğŸ‘–ğŸ¥¼ğŸ§¥ğŸ¥»ğŸ‘—ğŸ‘šğŸ©³ğŸ§¢ğŸ“ğŸ›ğŸ’ğŸ¥¾,1840372604726894844,"@TeddGus Bkn tdk punya Ibukota @TeddGus
Tp tdk ada KEPASTIAN waktu definitif KAPAN Ibukota pindah ke Ibukota baru

UUnya gamang
kepastian hukum terkait waktu pindah Ibukota tdk ada

Klo 5, 10, 15 th kedepan tdk ada presiden yg tanda tangan Kepres tsb,
Bisa2 mencuat kasus2 hukum yg dahsyat",Sun Sep 29 12:46:36 +0000 2024,0,5
51,[],1598819179619966976,jilatank,Pelaut,1840369605648449817,"Bayangkan ntr percakapan prabowo dan ketua MPR
MPR: pak Prabowo nanti anda akan dilantik di ibukota
Prab: ibu kota baru apa lama ?
MPR: jelas ibukota baru dong
Prab: belum jadi pak
MPR: klo gitu kita pake yg lama aja
Prab: yg lama udah dihapus
MPR: ???",Sun Sep 29 12:34:41 +0000 2024,0,0
52,[],902256099222446082,jjonguw,disa â‹†Ëšà¿”,1840367337301500016,@jaengewl cluenya ibukota baru WKWKWKW,Sun Sep 29 12:25:40 +0000 2024,0,0
53,[],1639315365489709056,RakyatNgenez,"Plot Twist, S.S.ğŸ‰",1840362741338632527,"@tempodotco (Apa ya kenang2an buat mereka. Oya, buat ibukota baru aje biar gw dikenang rakyat) 
ğŸ«¢ 
Gak taunya... #FufufafaAibNasional ğŸ–•ğŸ»",Sun Sep 29 12:07:24 +0000 2024,0,0
54,[],552469973,TukangJahitICT,Iswanto Tri,1840360745965670668,@ainunnajib @adith_wp Negara sekelas apa setelah pandemi bikin ibukota baru? Padahal rakyat masih keleleran nyari makan 3x sehari.,Sun Sep 29 11:59:28 +0000 2024,0,0
55,[],1417211327186030594,masSastro12,Dido Setyawan,1840354999890768254,"@Andria75777 hahahaha....yg diajak rembugan cuma segelintir orang. tanpa pertimbangan matang.
lalu jd salah langkah...trus galau. trus seolah2 rakyat yg menginginkan ibukota baru.
lempar batu sembunyi tai",Sun Sep 29 11:36:38 +0000 2024,0,0
56,[],960773334,miskiy28,Kiy,1840346556995903589,"Minggu lalu ke semarang. Kemarin ke pekalongan. Memang spt tdk byk berubah. Ya gitu2 aja kotanya. Kl pekalongan, adalah sedikit perubahan, ada landmark baru walau kecil2. Semarang sptnya sama saja. Kan pdhl ibukota propinsi. Tp ky stuck aja gitu. Mana panas bgt sumpah.",Sun Sep 29 11:03:05 +0000 2024,1,3
57,[],899564745245589509,hendraagueezer2,hendraagueezer,1840334351931682886,@Hilmi28 Gitu aja kok ribet.. Sekali perpres ibukota baru bellum diterbitkan jakarta ya masih ibukota,Sun Sep 29 10:14:35 +0000 2024,0,0
58,[],780554097388687360,asboediono_id,DANIEL ï£¿ MARISSA and Us ğŸ‡¦ğŸ‡º,1840308366385500587,"Sudah lama saya menyarankan agar supaya IKN itu pembangunannya diserah terimakan kepada Propinsi Kaltim, Ibu Kota Kaltim dipindahkan dari Samarinda ke IKN, saya jamin jika semuanya dimulai oleh Niat Baik maka IKN itu terwujud dan Kaltim menjadi Daerah Khusus Ibukota Baru #hening",Sun Sep 29 08:31:20 +0000 2024,0,0
59,[],2401076086,agussugiarno1,bagus sgr,1840301847732441100,@PngAdilnR4kyt Pertanyaan saya nanti presiden baru mau di Lantik di mana sedang Indonesia tidak punya ibukota . Kan syarat MPR bersidang untuk melantik presiden harus di ibukota negara sedang DKI sudah bukan ibukota negara lagi . Dasar bajingan tolol Mukidi,Sun Sep 29 08:05:26 +0000 2024,0,2
60,[],71436318,KompasTV,KOMPAS TV,1840299315564294508,"Ibu Kota Nusantara (IKN) telah dibuka untuk umum per 16 September 2024. Hal ini pun dapat menarik masyarakat yang ingin mengenal dan melihat langsung ibukota baru di Kalimantan.

#NiluhVodcastKompasTV",Sun Sep 29 07:55:22 +0000 2024,23,43
61,[],1592197207964282881,fansidol48,fans idol ibukota,1840296968511467916,"@H_EliJKT48 mam dulu ceu, abis itu baru manjat sampai f7",Sun Sep 29 07:46:03 +0000 2024,0,1
62,[],1403703307,aditya_pwn,Î±âˆ‚Î¹Ñ‚ÑƒÎ± ÏÏ…ÑÏ‰Î±Î·Ñ”gÎ±ÑÎ±,1840287407075406328,"bikin mandalika aksesnya sulit
bikin JIS aksesnya sulit
bikin masjid 1trilyun aksesnya sulit
bikin ibukota baru aksesnya sulit

pemerentah senengnya bikin sulit",Sun Sep 29 07:08:03 +0000 2024,0,1
63,[],1309686259,TOM37426699,TOM,1840286675374879231,"@Andria75777 nampak jelas setiap tindakan diambil dengan tergesa - gesa, status ibukota dicabut, tapi lupa kesiapan ibukota baru sperti apa, infrastruktur aja blom 100% apa lagi dengan yg lain2nya, gini nih klo hanya mengejar ambisi",Sun Sep 29 07:05:08 +0000 2024,0,0
64,[],1605596862,blibisku,Blibis Emas,1840269799051669867,"@TeddGus @prabowo @gibran_tweet Kalau belum ada Perpres pemindahan ibukota negara berarti calon mangkrak itu IKN, kita lihat saja.
Dari pada tidak berguna berikan pengelolaan IKN pada suku yang berkuasa disana di jadikan kampung atau desa Baru.",Sun Sep 29 05:58:05 +0000 2024,0,0
65,[],1741988613616009216,Duddypri96,duddy pribadi,1840266352667574548,"@Putri96960977 @Hilmi28 Hihihihihi yg 58% pada kemana ya, nanti presiden baru dilantik dimana kan sekarang negara kita gak punya ibukota.",Sun Sep 29 05:44:23 +0000 2024,0,3
66,[],1640906373042180096,ZackyIrawa3448,Mozarally,1840264880844353681,"@stravenues Setidaknya kalo batal jadi ibukota baru bisa dimanfaatkan menjadi kota wisata baru, tinggal bangun wahana-wahana baru biar lebih menarik buat wisatawan lokal.",Sun Sep 29 05:38:32 +0000 2024,0,0
67,[],555022303,MikailAmrullah,mikail amrullah,1840264370959573142,"@Fahrihamzah ""sampai penetapan ibu kota baru""
Sampai kapan?
Sejak kapan level UNDANG-UNDANG gak jelas gini maksud dan tujuan nya ğŸ˜‚

Ayolah para pakar tatanegara, gugat ini aturan ke MK, UU DJK udah resmi tapi Jakarta masih ibukota sampai waktu yang tidak ditentukan, peraturan macam apa ini.",Sun Sep 29 05:36:31 +0000 2024,0,1
68,"[{'display_url': 'youtu.be/Aw9Lpey1zXI?siâ€¦', 'expanded_url': 'https://youtu.be/Aw9Lpey1zXI?si=d8rGNSMw20zXNQkw', 'url': 'https://t.co/3lu38patUN', 'indices': [106, 129]}]",1349690850226278400,yeppigongju_,viağŸ‘‘ 19.99,1840254354894504106,"bjir ini seru banget ğŸ˜­ tapi rip buat mbaknya ğŸ™

BARU TAU SELEBGRAM IBUKOTA TERNYATA ANI-ANI SIMPENAN - TC https://t.co/3lu38patUN via @YouTube",Sun Sep 29 04:56:43 +0000 2024,0,0
69,[],2321939262,refaabdi,abdi,1840252440618381661,"Pemerintah terus kebut pembangunan infrastruktur di IKN agar ASN bisa segera menemoati Ibukota baru.
#IbuKotaNusantara #IKN #SmartCity #LISAxGLOBALCITIZEN
#JKT48RoadToSSK2024
Minggu
Palmer https://t.co/oIufrDomUv",Sun Sep 29 04:49:06 +0000 2024,0,0
70,[],913117830349910016,achmad_ponjer,ğ”„ğ” ğ”¥ğ”ªğ”ğ”¡ â„Œğ”²ğ”°ğ”ğ”¦ğ”« ğŸ‡®ğŸ‡© ğŸ‰,1840247362507452662,"@Andria75777 Jika presiden baru dilantik tidak di ibukota, tidak sah, lalu presiden lama tetap berkuasa, gitu gak?",Sun Sep 29 04:28:56 +0000 2024,0,2
71,"[{'display_url': 'finance.detik.com/infrastruktur/â€¦', 'expanded_url': 'https://finance.detik.com/infrastruktur/d-7563000/10-tahun-jadi-presiden-jokowi-bangun-2-432-km-tol-baru', 'url': 'https://t.co/w1wByIHYXE', 'indices': [0, 23]}]",1643423437585797123,wbintoro2023,wbintoro,1840244134675943753,"https://t.co/w1wByIHYXE

Ini baru Presiden top !!!
Kalo niat dari dulu jg bisa itu trmasuk MRT LRT Smelter bendungan ibukota baru dll
SamaÂ² utangnya drun... spy melek matamu drun...",Sun Sep 29 04:16:06 +0000 2024,0,0
72,[],1005252109,bekslah,All is Well,1840227680685302206,"@NOTASLIMBOY padahal uji coba dulu bikin ibu kota secara digital, lah wong pekok ini malah maksa bikin uu buat bikin ibukota baru.

#korbanmulyono nggak dikasi referendum buat pilih ibukota baru itu perlu atau ndak, sekarang malah bingung sendiri. pekok",Sun Sep 29 03:10:43 +0000 2024,0,0
73,[],86457185,kafefx,Mahirudin Masri,1840221326294036745,"@NenkMonica katanya Juli kemarin bisa pindah. Setelah September masih berantakan baru sadar ""pindah rumah itu tidak mudah, apalagi pindah ibukota""...",Sun Sep 29 02:45:28 +0000 2024,0,0
74,[],1424768711177560067,BudiHar45563445,Kesedihannasional,1840217372202021038,"@mardigu024 Iya Pak. Saya setuju Ibukota dibuat baru. Tapi gak kek gini caranya. Kalo suksesi kepemimpinan berjalan normal, pembangunan ILN bertahap 10 atau 20 tahun gpp kok.",Sun Sep 29 02:29:45 +0000 2024,0,0
75,[],1832361041650688000,sintaumiyati_,Sinta Umiyati,1840207166097240187,@IKNnusantaraID Ibukota yang baru bakal jadi pusatnya kreasi dan perubahan.,Sun Sep 29 01:49:12 +0000 2024,0,0
76,[],1685977163298996224,agam_estu,Agam Estu Pradana,1840205350026555840,@IKNnusantaraID Ekonomi masyarakat sekitar ibukota baru akan terangkat,Sun Sep 29 01:41:59 +0000 2024,0,0
77,[],1546467894581936128,bela_jani12,Bela,1840205337246478675,@IKNnusantaraID Infrastruktur canggih ibukota baru akan memicu pertumbuhan ekonomi,Sun Sep 29 01:41:56 +0000 2024,0,0
78,[],1685915759854448640,badia_dinahh,Badia Dinah,1840205094467580013,@IKNnusantaraID Pembangunan infrastruktur ibukota baru akan mempercepat distribusi sumber daya,Sun Sep 29 01:40:58 +0000 2024,0,0
79,[],1146118165543260160,SiakNur,PECINTA KEBENARAN,1840204401723748481,@abu_waras Amnesia... ingat waktu pertama kali masuk gedung dpr... misi utama nya pemindahan ibukota baru,Sun Sep 29 01:38:13 +0000 2024,0,1
80,[],618845521,BuYungBin1,*ABANG/OPPA MOLA*,1840203888672289007,"@Pegulatmasa @xD34DBE3F @NOTASLIMBOY Loe bilang perlu khan ada dasarnya, apa? gak perlu tll akademis deh tp masuk akal aja 

Jgn dgr alasan politisi yg bilang spy tdk jawa sentris mk perlu IKN, 6 Presiden Indonesia tdk bangun ibukota baru krn mrk tahu ""keinginan dibatalkan oleh kemampuan anggaran yg ada"" ..",Sun Sep 29 01:36:11 +0000 2024,1,2
81,[],15853114,andikasulaksana,Andika Sulaksana,1840203005268005039,"@kozirama Kita semua #korbanmulyono. Khususnya setelah Mulyono memutuskan mau bikin ibukota baru di tengah hutan yg banyak menghabiskan anggaran negara. GaraÂ² itu pemerintah jadi hobby crowdfunding, dan PPN akan dinaikkan.",Sun Sep 29 01:32:40 +0000 2024,0,0
82,[],1685921671470010369,ramaniyah_dhln,Ramaniyah Dahlan,1840200924893224981,@IKNnusantaraID Proyek ibukota baru memberikan inspirasi bagi bangsa dan dunia,Sun Sep 29 01:24:24 +0000 2024,0,0
83,[],1686217288092131328,Sachi_rohmayaa,Sachi Rohmaya,1840200850389774392,@IKNnusantaraID semoga Allah memberkahi Ibukota negara yg baru di Kalimantan ini,Sun Sep 29 01:24:06 +0000 2024,0,0
84,[],1813470674180276224,maya_sari33,Maya sari,1840200847768334683,@IKNnusantaraID Pembangunan ibukota baru mencerminkan visi keberlanjutan Indonesia,Sun Sep 29 01:24:06 +0000 2024,0,0
85,[],1452625209001873409,anns931,anns93,1840184338492916070,@BosPurwa Dan yg mindahin ibukota ala presiden2 terdahulu pastinya bukan bangun kota baru. Kota yg sudah ada aja pemerintahannya pindah. Si paling nyalahin rakyat sekarang mah mentingin proyek doang,Sun Sep 29 00:18:29 +0000 2024,0,0
86,[],1628660242988036097,HajimulH,Bang Jago 08,1840183382002876570,"@TeddGus @prabowo @gibran_tweet Baca yg bener dong sampean itu ngerti baca uu gak, yg dimaksud itu Presiden dilantik di ibukota negara bukan masalah gedungnya, sekarang kan masalahnya menutut UUDKJ,Jakarta bukan ibukota negara RI lg sedangkan IKN sbg ibukota yg baru Keppresnya blm dittd, jd blm bisa jd ibukota",Sun Sep 29 00:14:41 +0000 2024,0,0
87,[],1460864059939561479,javane_center,Gaja Yana ğŸ—¼,1840182022381416466,"@andrethe_master @stravenues semua orang itu setuju pasti dg ibukota baru, tpi klo terburu ya begini. tololll semua",Sun Sep 29 00:09:17 +0000 2024,0,0
88,[],1783520321934602240,hida55477,delfani1148,1840176124808311078,@ferrykoto @ReflyHZ UU IKN dan UU DKJ adl prioritas pertama yg mesti direvisi oleh Pmrth dan DPR baru utk memastikan bhw DKI Jkt adl ibukota RI. Demikian juga dg peraturan ttg Aglomerasi yg musti dipimpin oleh orang yg layak. Yg juga urgent adl MEMBEBASKAN BAMBANG TRI dan GUS NUR!!!,Sat Sep 28 23:45:51 +0000 2024,0,0
89,[],1048069801124409344,brionitallis,ichağŸ¦„,1840145514261819707,"@senogp Buku"" terbitan kakatua yg diterjemahin nurul hanafi bagus2 bgt. semalem baru aja selesai ibukota lama karya yasunari kawabata. mau beli buku yg diterjemahin doi lagii (thousand cranes terbitan fiksi), semoga bagus juga",Sat Sep 28 21:44:13 +0000 2024,0,12
90,[],2459086860,un_dreilukas,Begajul Ibukota,1840127576762921143,"Kuliah online, tugas bisa suruh dan bayar orang, pas wisuda baru dateng ke Thailand. Jadi deh Doktor....",Sat Sep 28 20:32:56 +0000 2024,0,0
91,[],1514239622314078217,11DngTriuKhnh1,KhÃ¡nh,1840080284081107058,"@dodojogja2 @BosPurwa ""Daya beli masyarakat turun, ANGK0T88. Pemerintah harus fokus pada pemulihan ekonomi bukan ibukota baru! #FufufafaAibNasional #guru""",Sat Sep 28 17:25:01 +0000 2024,0,0
92,[],1038777868468150272,Tsubasa0zorro,Muhasabah,1840079132283285983,"@realfedinuril Justru malah era Pak Harto mau memindahkan Ibukota Negara ke daerah Jonggol. Makanya pembebasan lahan di Jonggol masif dan tanahnya luasÂ² bangettttt. Dasar pembentukkan melalui Kepresnya pun ada, bang..
.
Kalo Soekarno belum ada catatan resmi. Baru sekadar wacana.. https://t.co/sINrYykkiJ",Sat Sep 28 17:20:26 +0000 2024,0,0
93,[],37693896,mufidasasha,Mufida,1840069933088289280,"Jadinya kota wisata aja ya berarti 
Ibukota baru cenah 
Pemerataan pembangunan, wkwkwk-in ajalah ya",Sat Sep 28 16:43:53 +0000 2024,0,0
94,[],1512790187449135106,kebohejoreborn,kebo hejo reborn | Im with ğŸ‰,1840057819061727377,"kurang strong apa, baru nyampe rumah, besok subuh dah kudu otw gbk buat nemenin temenku birthday run ğŸ™ƒğŸ™ƒ

birthday run.

ini anak2 lari ibukota rata2 bukan usia sekolah alias muda alias belasan. dah tuir2 ğŸ˜­
jadi besok birthday run ngalah2in half marathon ğŸ« ",Sat Sep 28 15:55:45 +0000 2024,0,1
95,[],1605596862,blibisku,Blibis Emas,1840020179138555995,"@Hilmi28 Berarti pelantikan Presiden baru tidak sah, karena tidak dilantik di gedung DPR ibu kota negara. Sementara Jakarta bukan Ibukota negara lagi dan di IKN tidak ada gedung DPR.",Sat Sep 28 13:26:11 +0000 2024,0,2
96,[],157658905,Tony_Harto,"Independent , Bebas Bertanggungjawab",1840015941997834407,"Pemerintah RI tdk punya kemampuan fiskal utk membangun ibukota baru TAPI DIPAKSAKAN , hasilnya kini byk kebijakan justru menghancurkan negeri ini..
#GanyangMalingDanaHaji 
#JokowiPengkhianat 
#JokowiPerusakLingkungan
#JokowiPerusakHukum",Sat Sep 28 13:09:21 +0000 2024,0,0
97,[],574361537,doiebluesky,fitri cha (á“€â€¸á“‚),1840012080155627954,"Iya pak, tapi Soekarno ingin memindahkan ibukota ke kota yang sudah adaâ€¦ BUKAN BUAT KOTA BARU!!!",Sat Sep 28 12:54:00 +0000 2024,0,0
98,[],1058743287924744192,DalipiMan,LEX'SU,1840009724294770718,@BANGSAygSUJUD @margonohadi91 @prabowo @jokowi @Aisha5011995259 @are_inismyname @Ber_uang08 @FDonghun @genx36545403 @gtobing2903 @florieliciouss @Ndons_Back @XiaoMei_99 @gustavssondhela Jujungan loe pola pikirnya parah...bangun dulu ibukota sampe jadi baru jakarta dipindah..skg bingung ibukotanya dmana,Sat Sep 28 12:44:38 +0000 2024,0,0
99,[],545264533,WAHYU_UNIFORM,ğŸ†„ğŸ…½ğŸ…¸ğŸ…µğŸ…¾ğŸ†ğŸ…¼ğŸ‘”ğŸ‘–ğŸ¥¼ğŸ§¥ğŸ¥»ğŸ‘—ğŸ‘šğŸ©³ğŸ§¢ğŸ“ğŸ›ğŸ’ğŸ¥¾,1840003013613891806,"@ferrykoto Intinya:
Ibukota baru ada syarat yg hrs dipenuhi: Kepres hrs diteken

Cb tunjukkan pasal brp ayat brp yg menyebut TAHUN wajib pindah ibukota baru, paling cpt atau selambat-lambatnya",Sat Sep 28 12:17:58 +0000 2024,0,0
100,[],1638350753835421697,bebas_175,bebas_lah,1839989083474739202,"@bebasdigital Pendidikan itu dasar bro bkn privilege klo pemerintahnya mikir justru ini yg dikuatin dan berlaku setara untuk smua bkn bangun ibukota baru, lu bs bayangin smakin banyak yg bs 'akses' pendidikan smakin punya modal kuat ini negara buat maju",Sat Sep 28 11:22:37 +0000 2024,0,1
101,[],1713445137253289984,_stvrdust,mir,1839983496757985344,"ğŸª Venue Detail ğŸª
.
ğŸ“ Teater GRJS BLOK M, Jakarta Selatan

[Jl. Bulungan No.1 9 - 16, RT.11/RW.7, Kramat Pela, Kec. Kby. Baru, Kota Jakarta Selatan, Daerah Khusus Ibukota Jakarta 12130]

â€” Slide for more info! â¡ï¸ https://t.co/QoqhDThFFr",Sat Sep 28 11:00:25 +0000 2024,0,0
102,[],888208727169417216,UdaAntonPratama,ANTON al Ø¥ÙÙ†Ù’Ø¯ÙÙˆÙ’Ù†ÙÙŠÙ’Ø³ÙÙŠÙØ§ ğŸ‡®ğŸ‡©ğŸ‡µğŸ‡¸,1839967980576518534,"Oo begitu ya Prof 

@prabowo ga syah dong kalao dilantik di gedung dpr mpr Jakarta?
Karna secara konstitusi baru ibukota negara adalah di IKN ( Ibu Kota Nusantara bukan Ibu Kota Indonesia ?!)
Kebetulan kah atau akal akalankah Ps gagal dilantik karna blum ada gd dpr di Ikm 
Nanya?",Sat Sep 28 09:58:46 +0000 2024,0,0
103,[],128073182,salihinjr,andi putra,1839961703485726815,"@msaid_didu Lah...emang pemindahan ibukota itu sdh ada sejak jaman Sukarno. Mau diimplementasikan sejak Suharto hingga SBY tapi tdk pernah terwujud. Baru jaman JKW terlaksana. Jadi benar bhw IKN bukan ide dia, kenapa hrs berprasangka buruk kalau JKW menyatakan fakta?",Sat Sep 28 09:33:49 +0000 2024,0,0
104,[],1744714960352223232,noxsyy_,noxx sy,1839960653240643886,"@DedynurPalakka Bener serba baru, ibukota baru, uu baru,  harga bahan bakar baru,  nilai pajak baru, jlh pengganguran baru",Sat Sep 28 09:29:39 +0000 2024,0,0
105,[],1110027036121133056,blossomincs,n ğŸŒŠ,1839959699497640225,@ikankeugm baru ada di ibukota keknya shu,Sat Sep 28 09:25:51 +0000 2024,0,0
106,[],1376230200,__SudutPandang,Sudut Pandang ğŸ‡²ğŸ‡¨,1839957222971060276,"@OmJ_JeNggot Masih banyak orang menganggap Soeharto Presiden terbaik, Presiden @jokowi terburuk; era Orde Baru paling enak dan era Jokowi terburuk

Era Orde BaruğŸ‘‰ Kejam Ibu Tiri lebih kejam Ibukota [banyak orang tinggal di kolong jembatan, tidur di emperan toko]

Bandingkan!
Era Orde Baru ğŸ‘‡ https://t.co/BdKl14gu9O",Sat Sep 28 09:16:01 +0000 2024,0,0
107,[],1493974662547910656,Joke_Yntkts,Joke YNTKTS,1839953243729998219,@Hilmi28 Apakah ini MODUS dari mulyoNO biar bs 3 periode karena IKN (Ibukota Keluarga NEBENGERS) yg blm jadi termasuk gedung DPR MPR blm maka hal ini bisa dijadikan MODUS rezim gorongÂ² mulyoNO untuk lanjutkan ke 3 periode krn pelantikan presiden baru tdk memenuhi persyaratan UU,Sat Sep 28 09:00:12 +0000 2024,0,0
108,[],618845521,BuYungBin1,*ABANG/OPPA MOLA*,1839946165003137471,"@Pegulatmasa @xD34DBE3F @NOTASLIMBOY Memangnya ada contoh sukses dr pembangunan ibukota baru di negara lain dengan sumber dana terbesar dr investasi asing?

Apakah bijak membangun ibukota baru dengan nilai besar disaat apbn masih defisit, dan skrg  apa desifitnya makin besar?",Sat Sep 28 08:32:04 +0000 2024,1,3
109,[],1213073211132235776,aeinkim17,KimğŸ’,1839938204486775033,"ğŸª Venue Detail ğŸª
.
ğŸ“ Teater GRJS BLOK M, Jakarta Selatan

[Jl. Bulungan No.1 9 - 16, RT.11/RW.7, Kramat Pela, Kec. Kby. Baru, Kota Jakarta Selatan, Daerah Khusus Ibukota Jakarta 12130]

â€” Slide for more info! â¡ï¸ https://t.co/HAFU8xCqNp",Sat Sep 28 08:00:27 +0000 2024,0,0
110,[],1783520321934602240,hida55477,delfani1148,1839937783848378428,"@Boediantar4 Pek awal presiden baru stl pelantikan, mestinya:
- membatalkan/merevisi UU ikn utk pastikan bhw ibukota msh DKI Jkt.
- membatalkan/merevisi UU DKI Jkt tmsk peraturan ttg Aglomerasi Jkt dsktrnya
- membebaskan Bambang tri dan Gus Nur (bila blm bebas).",Sat Sep 28 07:58:46 +0000 2024,0,0
111,[],492881306,bRoNd0N9,Mangku Bumi,1839935175192654285,@fpl_pipi @CakKhum Saya jawab ya boss... Ibukota negara masih di jakarta ketika semua syarat IKN selesai baru akan berpindah ke IKN nusantara... Klo mau saya knp ga di Papua aja ibukota negara..,Sat Sep 28 07:48:24 +0000 2024,0,0
112,[],1093725673019953153,Adi2951,Adi295,1839931535723733098,"@Fahrihamzah Sudah ketutup mata hatinya sampai nggak mampu lagi mencerna betapa buruknya perencanaan ibukota baru ini, bagaikan si pungguk merindukan bulan, jauh panggang dari api....... Miriss dulu idealis kini pragmatis materialistis",Sat Sep 28 07:33:57 +0000 2024,0,0
113,[],68208622,ardibhironx,akun baru,1839930170779881945,Klo kata Google sih ibukota Indonesia sekarang mah ini https://t.co/MEAG18jb6c,Sat Sep 28 07:28:31 +0000 2024,0,0
114,[],1605783604591620097,Avocado2Juice,Avocado Juice TMÂ®,1839924890390147544,"Selamat anda berhak menjadi calon kepala ibukota negara yang baru. 

Semangat kawan",Sat Sep 28 07:07:32 +0000 2024,0,0
115,[],1434455521633849346,abuyahany,"A Yousup Abd., SH",1839922888172052726,"IKN (Ibukota Nusantara),

begitu Keppresnya ditandatangani...

praktis Republik ini tdk punya Ibukota.

Dan muncul negara baru bernama ""NUSANTARA"" â˜ï¸ https://t.co/8BsJH7htic",Sat Sep 28 06:59:35 +0000 2024,2,2
116,[],1017775501,wangkyberdikari,andra,1839916935816917499,"@geloraco diubah jadi KEK atau Provinsi baru juga bisa, bikin sirkuit, stadion kayak JIS, Universitas Negeri, Laboratorium BRIN utk perkebunan, peternakan, perhutanan, dan hal positif lainnya yang gak semahal bikin ibukota baru untuk RI.",Sat Sep 28 06:35:56 +0000 2024,0,0
117,[],1506838509922885632,mebabytamvan,Baby Tamvan...ğŸ˜ğŸ˜,1839913946880291144,"Baru sekarang ada orang gak jawab, ditanya ibukota negara dimana? ğŸ˜…ğŸ˜…",Sat Sep 28 06:24:03 +0000 2024,1,1
118,[],1822610479375937536,Janno_R01,KopiPahit,1839912452915703946,"@Lembayung071 Legacy Jokowi yg takkan terlupakan &amp; akan menjadi catatan sejarah buruk peradaban bangsa ini, proyek pribadi ambisius yg mangkrak, membuat ibukota baru berakhir menjadi tempat wisata. 

Btw, Jokowi sudah cuci tangan soal IKN !",Sat Sep 28 06:18:07 +0000 2024,0,1
119,[],1689127825440493568,Dogelkarya76_82,Ayah_e_Faiq,1839911072633160015,"Muncul IKN
(DPR RI diam saja)â“â”â“

Rencana memindahkan Ibukota Negara mirip pindah Rumah.
Ketika rumah baru sedang dibangun maka Kita tetap tinggal di rumah lama dan akan pindah ke rumah baru di saat memang sdh siap dihuni.

Yang sering bangun rumah pasti setuju ini. Bener kan?",Sat Sep 28 06:12:38 +0000 2024,1,1
120,[],70969628,ichwansah,Iwan Sahlan,1839910437673984171,@CImtgr Sebenarnya aku malu... aku muslim diajarin beragama tdk seperti itu.. kami dari kampung kecil di jawatimur tepatnya di singosari dimana disini peninggalan agama hindu sangat kental krn memang ibukota kerajaan jaman dulu.. kami diajarkan adab baru ilmu....agar menghargai perbedaan,Sat Sep 28 06:10:06 +0000 2024,0,0
121,"[{'display_url': 'setkab.go.id/pemerintah-sahâ€¦', 'expanded_url': 'https://setkab.go.id/pemerintah-sahkan-undang-undang-daerah-khusus-jakarta/', 'url': 'https://t.co/7w1NGtppDi', 'indices': [130, 153]}]",2765720910,Paint_InRed,Kadrun Insyaf,1839908214546051239,"@Hilmi28 baca yg ini tad.. Jakarta msh sebagai Ibukota Negara sebelum Kepres penetapan IKN menjadi Ibukota Negara yang baru ... 

https://t.co/7w1NGtppDi",Sat Sep 28 06:01:16 +0000 2024,0,0
122,[],1297750216456589312,ini4kunku,djo_mblo,1839905461358997964,"sudah siapkah pemerintah memindahkan Ibukota???
Gw : Belum.
Ibarat mau bangun rumah baru, tanahnya ada, tapi duit untuk membangunnya masih tanda tanya..alhasil bangunan 1/2 jadi, di tinggalin gak bisa, mo terusin bangun duitnya crat crit crut... Pastikan dulu deh ad gak dananya.",Sat Sep 28 05:50:20 +0000 2024,0,1
123,[],1629831030571159552,Bejoayey,jojo cobain,1839900195494211719,"@Boediantar4 Hutan di babat habis,entah kayu ny lari ke mana, giliran gini rakyat yg di salahin giliran upacara HUT RI yg di undang para buzzer, influencer,oligarki makanÂ² mewah di tengah IKN seolah olah ibukota baru,siap di tempati..,",Sat Sep 28 05:29:24 +0000 2024,0,1
124,[],2328281618,dickiyow517,Kampret Premium,1839896282250522989,@realfedinuril ğŸ¤£ ibukota dah pindah eh masih bingung juga presiden baru mau dilantik dimana...bro yono ini suka bikin buzzer nya mikir keras wkwkwk,Sat Sep 28 05:13:51 +0000 2024,0,0
125,[],1794233480026730497,Cikuuniverse_,Mpok Ciku,1839896031888326673,"ğŸª Venue Detail ğŸª
.
ğŸ“ Teater GRJS BLOK M, Jakarta Selatan

[Jl. Bulungan No.1 9 - 16, RT.11/RW.7, Kramat Pela, Kec. Kby. Baru, Kota Jakarta Selatan, Daerah Khusus Ibukota Jakarta 12130]

â€” Slide for more info! â¡ï¸ https://t.co/p15VcAfyRi",Sat Sep 28 05:12:52 +0000 2024,0,0
126,[],796195526899183616,YungKenReds,YK,1839891222598693375,"@Hilmi28 Meski IKN sdh ditetapkan sbg Ibukota baru dlm UU, tapi Keppres nya belum ada sehingga secara hukum belum ada aturan pelaksananya, oleh krn itu Jakarta masih Ibukota secara de jure. Maka pelantikan di Jakarta tetap sah.",Sat Sep 28 04:53:45 +0000 2024,0,0
127,[],1826028777568358400,Taufiqurra15790,Taufiqur rakhman,1839890003289325761,"@Hilmi28 Cabut keputusan kepindahan ibukota negara dari Jakarta ke IKN. Buat keputusan baru Jakarta akan tetap menjadi ibukota negara.
Meskipun keputusan itu kelihatan tambah jelas memperlihatkan kedunguan penguasa sekarang ini di depan rakyat InÄoÃ±esia.",Sat Sep 28 04:48:54 +0000 2024,0,0
128,[],1540971232971345920,Kangubay98,Kangubay,1839888745727963495,@realfedinuril Soekarno tidak pernah ambisius bikin kota dari nol dengan membabat hutan tropis. Dia hanya ingin mengubah kota palangkaraya yang sudah existing jadi ibukota negara. Bukan mengimpor penduduk baru untuk mengisi kota kosong yang diciptakan,Sat Sep 28 04:43:55 +0000 2024,0,0
129,[],3269097763,indahramadani57,Oredattanda,1839885824726577195,"@sociotalker Katanya ibukota baru tapi kenapa gak ada yg tinggal disitu, mksdnya gimna? Hahaha proyek rakyat lagi katanya",Sat Sep 28 04:32:18 +0000 2024,0,0
130,[],1727986414170906624,KANGKOMENJKT,KANG KOMEN,1839883886618390699,@Lembayung071 sampai saat ini masih belom jelas kenapa ibukota harus ada yang baru ? ğŸ˜†ğŸ˜†ğŸ˜†,Sat Sep 28 04:24:36 +0000 2024,0,0
131,[],1832962788278571008,55Hendar,Hendar,1839878411743105327,"@NenkMonica Proyek ambisius yang gak ngotak 
Dia pikir ngebangun ibukota baru semudah ngebangun warteg",Sat Sep 28 04:02:51 +0000 2024,0,0
132,[],1792146124553535488,DAPajah12,Aksara Sandyakala,1839875885257949257,"@hamdanipur71055 @NenkMonica Bener, apalagi kalau bangun ibukota baru, itu g cukup sepuluh dua puluh tahun, dipikir kyk Malaysia yg pindah ibukota ke putera jaya yg jelas jelas udh jadi, tinggal pindah administratif doang, pemikiranÂ² tertinggal memang kyk gituğŸ¤£ğŸ¤£",Sat Sep 28 03:52:48 +0000 2024,0,1
133,[],1598118226759933952,fransisca_ning,Princess DKI â¤ï¸ ğŸ‡®ğŸ‡©,1839870231118037354,"Besar pasak daripada tiang.ğŸ˜¤ğŸ˜¤

Membangun ibukota baru itu ibarat seorang ayah punya anak 10, gaji UMR tapi ngotot nyicil mobil mewah BMW seri terbaru.

Akhirnya anakÂ²nya kelaparan semua krn tidak ada sisa uang utk makan.

#kaltim #jakarta #ikn #banjar #cabup #mahakam #cawalkot",Sat Sep 28 03:30:20 +0000 2024,0,0
134,[],56289613,dena_mr,Dena,1839869665637794255,@msaid_didu Tadinya saya pikir pindah ibukota itu ke kota yang udah jadi kaya Balikpapan atau Palangkaraya misalnya. Ternyata bikin kota yang baru dari nol dan pas udah kena covid pula. Kaya kebanyakan uang aja ğŸ˜…,Sat Sep 28 03:28:06 +0000 2024,0,0
135,[],1432880079843987459,LordBugis,Wapres Hasil Begal Konstitusi,1839857315056619626,@bamssoesilo1302 @geloraco Modal ijazah palsu gegayaan bangun ibukota baru.,Sat Sep 28 02:39:01 +0000 2024,0,1
136,[],1694190874631233537,arif_zulkifar5,Arif Zulkifar,1839854938920497591,@meraaahputiiih Proyek ibukota baru menandai tekad Indonesia dalam menghadapi tantangan masa depan,Sat Sep 28 02:29:34 +0000 2024,0,0
137,[],113052884,walbudi,PutuWisesa,1839854004576367083,@ronaldy596 Bisa nanti dilantik di IKN pakai Tenda saja. Trus balik lagi ke Jakarta. Dan Jakarta dijadikan Ibukota Negara Sementara. Kan seru. Dibuat Ibukota baru lagi. Mungkin Ibukotanya pindah ke Makassar. Bagus juga. Cukong2 agak mikir kalau menghadapi orang2 Bugis.,Sat Sep 28 02:25:52 +0000 2024,0,1
138,[],2785535731,hozhy2,simon yudi,1839852518056304825,"Saya berharap ABPD jakarta JD 35 T dan di pindahkan kan ke IKN jadi 90/100 T untuk pengembang di ibukota baru, supaya dengan adanya dana yg besar untuk belanja untuk ASN/DPR dan semua lembaga dan administrasi negara yg baru ,dengan beredarnya uang di sana(IKN), membuat  growth",Sat Sep 28 02:19:57 +0000 2024,0,0
139,[],1655658337860730882,Gant1Pres1den,GANTI PRESIDEN !!!,1839848250326823204,"Betul banged Bang Didie S @becak50  knp Pak Harto yg satu2nya presiden membuat pertumbuhan ekonomi RI 12,7 % tahun 1967 - 1988 tidak bangun Ibukota ? Krn beliau sadar dampak lingkungannya sangat besar !
Lagian buat apa bangun kota baru? Kota lain banyak !!! 
#FufufafaAibNasional",Sat Sep 28 02:03:00 +0000 2024,3,4
140,[],1689851386073317376,benazir_muthia7,Benazir Muthia,1839848077198586133,"@meraaahputiiih Green energy di ibukota baru, bikin Indonesia semakin bersinar di dunia",Sat Sep 28 02:02:18 +0000 2024,0,0
141,[],1380141809263779841,mistaeribox,Incognito,1839844827787342255,"@9Barbrew @realfedinuril Mnurut sy pindah Ibukota gak ada salahnya Pak, tp harus dgn niat lurus, dgn memperbaiki kota yg sudah ada bkn membuka kota baru, mnyesuaikan anggaran bkn mengadaÂ²kan anggaran sesuai nafsu.",Sat Sep 28 01:49:24 +0000 2024,0,4
142,"[{'display_url': 'youtu.be/fBUD1oKqHkA?siâ€¦', 'expanded_url': 'https://youtu.be/fBUD1oKqHkA?si=tYo8Xl-ND75guEJ_', 'url': 'https://t.co/NpaBV00yjF', 'indices': [257, 280]}]",823028061109006336,WNSamarenda_89,Urang Dusun TLI,1839843806264660469,"Info-info baru tentang Samarinda bisa lihat dicanel YT Abdul Gafur Dayak dangsanakku Urang Dayak Maanyan (Bartim) 10 hari lalu jalan2 ngevlog keliling kota.
 
KOTA SAMARINDA, PENYANGGA IBUKOTA INDONESIA NUSANTARA || KALIMANTAN TIMUR || VLOGING DAN MOTOVLOG
https://t.co/NpaBV00yjF",Sat Sep 28 01:45:20 +0000 2024,0,0
143,[],1736925121267499008,Ramaputra262002,Rama97,1839843731283030027,"@msaid_didu Setiap presiden dri bung karno smpe sby ada saja pemindahan ibu kota tp tidak tergesa2 kayak mulyono ini demi proyek dan bagi2 cuan para oknum pejabat haus darah dan haus uang

Mulyono2 bansos bantuan kau
Ibukota baru keinginan rkyat 
Boneka2  9 cacing kau",Sat Sep 28 01:45:02 +0000 2024,0,2
144,[],791645024639291392,anasisil_,Sil,1839842933685793050,"@tempodotco Rakyat yang mana, sih, Pak?
Saya kok nggak pernah ngerasa nuntut Ibukota baru",Sat Sep 28 01:41:52 +0000 2024,0,0
145,[],68208622,ardibhironx,akun baru,1839842827322437933,"Jawab cepat:

Apa ibukota negara Indonesia?",Sat Sep 28 01:41:27 +0000 2024,0,1
146,[],1116882263185088513,Sigromilir01,@sigromilir.01,1839841080550031391,"@officialinews_ @yusuf_dumdum Sistem pemerintahan Indonesia; kerajaan presiden ber istana?
Kebijakan bangun istana presiden baru sbg pusat ibukota ikn, lebih sbg legasi peninggalan raja memotong sendi dialogis demokrasi rakyat.
Potensi mangkrak karena sentimen buah tangan raja, fufufafa.",Sat Sep 28 01:34:30 +0000 2024,0,0
147,[],1823580301861539840,4b32er,it's me,1839832797340668182,"@StefanAntonio__ Tentu aj ikn proyek kita semua, karena mmg ibukota yg baru to. Kmu aj yg merasa ga karena kamu adalah pembenci beliau.",Sat Sep 28 01:01:35 +0000 2024,0,0
148,[],269703035,wahkerensih,Naomi,1839832054881759470,"""Ibukota Indonesia sekarang di mana sih?""

Ibukota negara kita sekarang di mana sih? Tanggal 15 Februari 2024 status ibukota untuk kota Jakarta resmi dicabut. Sementara peraturan pelaksana atau kepres yang menyatakan IKN adalah ibukota yang baru belum ada. Kekosongan hukum dong?",Sat Sep 28 00:58:38 +0000 2024,274,1179
149,[],1337597837937262592,rynabluu,ryn,1839830222470033440,"@BangPino__ pass awal pake kata 'saya' padahal buat ibukota baru pke duit rakyatt, giliran ga jadii di bilang keputusna rakyat, bjir rakyattt manaaa tuchhh",Sat Sep 28 00:51:22 +0000 2024,0,0
150,[],1702877548534009856,papiatlas,Helguera,1839830042114961445,"@kegblgnunfaedh kalau sudah tinggal disana, ga heran, org disana salah aja ngegasss, agak laen nian caknyo wong sono tuu, ngelawan arah aja diklakson malah buka kaca, ngerasa bener. ngotot pake ngomong kasar.. polshitnya yg liat malah mewajarkan, dianggap bener.. dahssyat.. cocok jd ibukota baru",Sat Sep 28 00:50:39 +0000 2024,0,0
151,[],840519581676457984,goaldiggercamp,Goal Digger,1839822874796069060,@muttle9 @sociotalker Hahaaaha serius baru nemu ini beritaaa..  Ya ampuuuunnn ini org mau mindahin ibukota tp surveynya kyk mau pindahan rumah ğŸ¤£ğŸ¤£ğŸ¤£ğŸ¤£ Bnr2 azab pny presiden begini ğŸ˜­ğŸ˜«,Sat Sep 28 00:22:10 +0000 2024,0,0
152,[],1683102700454711296,bamssoesilo1302,Bams Soesilo ğŸ‡µğŸ‡¸ğŸ‡®ğŸ‡©,1839819501170504011,@geloraco Kalo ga mampu jgn gegayaan bikin ibukota baru.... Presiden terdahulu yg punya kapabilitas aja cuma sekedar wacana... ğŸ¤¦â€â™‚ï¸ğŸ¤¦â€â™‚ï¸ğŸ¤¦â€â™‚ï¸,Sat Sep 28 00:08:45 +0000 2024,0,1
153,[],540878729,FansNerazzurri,FN,1839817300636991699,"Hari ini #InterDay

Pertandingan yang harus menjadi momentum kembali ke jalur kemenangan, meski baru kalah 3-0 dari tim Ibukota, Udinese tidak bisa diremehkan, karena raihan positif mereka diawal musim ini ..

Main jam sehat nih, nobar tidak? https://t.co/3GE2TrQHZp",Sat Sep 28 00:00:01 +0000 2024,9,60
154,[],1274350189633892357,Gaussada,â€¢ Gauss â€¢,1839811648829436218,@Fahrihamzah Congratulations selamat bertugas dan bekerja di Ibukota baru IKN para pejabat pemerintah yg baru di bawah kepemimpinan Presiden Terpilih Prabowo dan Wapres Terpilih Gibran ..Dan tentu nya juga utk Bang Fahri semoga lebih sukses lagi dgn Gelora nya ..Merdeka âœŠğŸ½ğŸ‡²ğŸ‡¨âœŠğŸ½,Fri Sep 27 23:37:33 +0000 2024,0,0
155,[],1372686617471688705,saidi_sudarsono,Sudarsono Saidi,1839810571283427836,"Membangun ibukota negara baru itu esensinya memberikan tempat baru bagi para pengelola negara. Isinya mestinya hanya orang2 yg bekerja utk pusat pemerintahan. 

Tidak ada pusat bisnis. 

Investor diundang utk datang dan berinvestasi. Buat apa? 

Seolah tidak nyambung.",Fri Sep 27 23:33:16 +0000 2024,1,8
156,[],153369068,roymz_13,roy.mz,1839799619334852898,"@tempodotco se-otoriter soekarno &amp; soeharto aja gak keblinger gegabah bangun ibu kota baru. apalagi ini gak pake studi sebelumnya. indonesia ibu kotanya gembel gaje, eh taipan cina dikasih infrastruktur sekitar eks ibukota lama plus psn. gile gak tuh kejahatan mulyono bapaknya kaesang.",Fri Sep 27 22:49:45 +0000 2024,0,0
157,[],1676280848604332032,0x1soobinloveme,Rabbin ğŸ°,1839797642479710393,"@Boediantar4 Yg diurusin ibukota negara baru sampe bangun mesjid aja ngabisin hampir 1Triliun ğŸ˜Œ yg kepake 20% sisanya masuk kantong sana sini.. Udah PASTI kok, mau suudzon juga emng kenyataan seperti itu pejabatÂ² negara ini",Fri Sep 27 22:41:54 +0000 2024,0,0
158,[],1688139893112016896,hools1928,pain akatsuki,1839783478919082050,"@ferrykoto Tolol amat feri kotol, jelas2 dari awal IKN itu memang ugal2an, sangat jelas gaada urgensi nya sama sekali buat bikin ibukota baru, rakyat lagi banyak yg susah, malah mikirin ikn kan tolol, lu lebih tolol lagi, manusia apa monyet sih lu ferrrr feerr",Fri Sep 27 21:45:37 +0000 2024,6,71
159,[],1598118226759933952,fransisca_ning,Princess DKI â¤ï¸ ğŸ‡®ğŸ‡©,1839773385628496199,"Menjelang lengser ... presiden #Jokowi lg sibuk cari KAMBING HITAM utk disalahkan krn proyek ibukota baru #IKN diprediksi bakal MANGKRAK spt Hambalang era #SBY

Mencoba ""cuci tangan"" dg bilang, ""#IKNnusantara bukan proyek sy.

Lalu #DPRRI &amp; rakyat yg disalahkan.ğŸ˜°

#kaltim #cabup",Fri Sep 27 21:05:31 +0000 2024,0,0
160,[],58727252,limpattahta,Roman_Picisan,1839772740473196661,Baru di zaman mulyono indonesia ibukota negaranya nggak jelas,Fri Sep 27 21:02:57 +0000 2024,0,0
161,[],1602750377971003392,a_amsaroh,sebening_krystal,1839758336423850161,"@sekutpilgrim Harusnya berdoa spy ikn berjalan lancar, ini mlh pgn gajadi. Lu pikir rencana pemindahan ibukota baru pas era jokowi doang? Udh dr lama dan direalisasikan di era nya jokowi",Fri Sep 27 20:05:43 +0000 2024,0,0
162,[],288232906,jreeennggg,SonGoKu,1839722454249570641,"@BebySoSweet Ibu kota sebenarnya tercipta dgn sistem alami, natural, organic. Teorinya ada ekosistem kehidupan &amp; budaya dulu baru secara otomatis menjadi ibukota.",Fri Sep 27 17:43:08 +0000 2024,0,0
163,[],3164520774,Rudy_Komunita,Rudy Komunita,1839719284907618627,"Baru kali ini sebuah negara besar bingung menentukan ibukota nya saat ini...

Dimana sih ibukota negara ini? https://t.co/YvgrKAVAD0",Fri Sep 27 17:30:32 +0000 2024,0,0
164,[],1651554082941980673,KoberCleo,Pak Budi,1839709726004916688,@tempodotco Rakyat maunya kemiskinan dientaskan bukan mau ibukota baru,Fri Sep 27 16:52:33 +0000 2024,0,0
165,[],1515459027089571844,ahakim243,Aziz Hakim,1839704011093819403,"@NenkMonica Pembentukan kota berasal dari komunitas2 desa yg mandiri. Artinya sebelum ada 'kota' sudah ada komunitas atau penduduknya, bukan ambil ASN dari jakarta. Ini baru kota, belum ibukota hehew",Fri Sep 27 16:29:50 +0000 2024,0,1
166,[],1749298113532379136,mindcraft88,MindCraft,1839702929223377079,"@NOTASLIMBOY itu hanya strategi jkw,agar pelantikan presiden baru jadi kacau.krn pelantikan harus di ibukota negara.sdgkan ibukota negara blm siap smuanya.tpi,UU nya sudah jadi....berarti ini seperti ada perbuatan makar pda negara.setara dgn pemberontakn trhdp negra yg brdaulat.@prabowo",Fri Sep 27 16:25:33 +0000 2024,14,99
167,[],1677687707122929665,_Sedottan84,sedotan,1839693308857344148,"Nahhhhh...lohhh bingungkan.??

Jakarta bukan lagi ibukota, ibukota yg baru juga belum bisa disebut ibukota, jadi? 

Puyeng ğŸ˜µâ€ğŸ’« https://t.co/Qkh2XgMYlW",Fri Sep 27 15:47:19 +0000 2024,0,0
168,[],1738956829332508673,Zofr4iW3nK,Zofra Wendy,1839685654256681041,@blisonny Saking pingin kelihatan pemerataannya pembangunan baru kali ini pertama didunia sebua negara tidak punya Capital City atau Ibukota Negara...buzzer konyol...,Fri Sep 27 15:16:54 +0000 2024,0,0
169,[],1813089266584678402,rina_wlndrii,Rina Wulandari,1839680082790805684,"@sudinabdrazak Ibukota baru, representasi kebangkitan kita",Fri Sep 27 14:54:45 +0000 2024,0,0
170,[],1699579679089246208,zzzXdY,zzzlogxxx,1839661325590704168,"@realfedinuril dr smua balesan kebanyakan yg muncul kota palangkaraya. penajam ini baru muncul 6 bulan dr reklamasi jkt yg ktanya distop.

waktu itu jg dg gagah pidato jkw isinya
""ijinkan saya untuk memindahkan ibukota""
pidatonya didepan dpr n mpr.
gk ada tuh referendum ke rakyat.",Fri Sep 27 13:40:13 +0000 2024,0,0
171,[],632877767,enollaguy,enola,1839658502870253827,"Gue kebetulan dulu kuliah pernah baca, tp jujur lupa bukunya. Btw, Pak Karno emang berencana bikin ibukota baru buat gantiin Jakarta yang dinilai terlalu kolonial. Buat buang semua pengaruh barat karena waktu itu Pak Karno anti barat, udah bikin Nasakom juga-",Fri Sep 27 13:29:00 +0000 2024,0,0
172,[],742048481502629889,agoeng_set,agoeng,1839654914144039241,"@msaid_didu Halah, itu mah cuma karena kongsian presiden dan keluarga ga punya tanah di ibukota baru aja. Coba punya tanah gede tengah utan yg ga produktif n ga bisa dijual, pasti udah buru2 bikin juga",Fri Sep 27 13:14:45 +0000 2024,0,2
173,[],855800899645562882,buruy_cubluk,M. Al Fatih,1839652821588684805,"@msaid_didu Ibukota dijakarta aman krn jauh dari perbatasan negara.
Jika ingin buat ibu kota baru, bangun dulu perekonomian disana sehingga saat pindah kita sudah maju dan mudah untuk mengatur negara...",Fri Sep 27 13:06:26 +0000 2024,0,0
174,[],868004863,yanpanjie,yan,1839647810419056919,"@ferizandra @kkmanti @dyahNeZza Betul.
Masih banyak tumpukan masalah sosial yg perlu diperbaiki,apalagi dgn kondisi keuangan negara yg carut-marut &amp; tenggelam dalam tumpukan hutang.
Sungguh bodoh orang yg masih ngotot bangun ibukota baru disaat rakyat kecil terjepit",Fri Sep 27 12:46:31 +0000 2024,0,2
175,[],1666050501102964736,yeahboi9110,Kudu Hati Hati,1839645465551515939,"@Bud_Cavalera @elisa_jkt @realfedinuril @JJRizal Bener nih, harus digaungkan narasi bahwa semangat mereka berbeda.
Bung Karno mau MEMINDAHKAN Ibukota, yang satu lagi mau MEMBUAT Ibukota baru.",Fri Sep 27 12:37:12 +0000 2024,0,9
176,[],1622427115718344704,sopir_taksi78,sopir taksi,1839642710174748793,"@msaid_didu Didu didu. perencanaan butuh 5 th, dana butuh 5 th, proses butuh 10 sd 20 th baru totalnya bisa 40th baru jadi ibukota.. klo ngga dari sekarang mau kapan mulainya? Udahlah lagian lu juga ga bakal ngalami ibukota baru.. ğŸ˜…ğŸ¤£",Fri Sep 27 12:26:15 +0000 2024,0,3
177,[],1360992242,hsolichin,Illa bisulthaan,1839641750945792109,"Kemudian pak Jokowi banyak membangun jalan tol.
Trans Jawa dari Merak hingga Banyuwangi akan segera tersambung.
Buat apa pak Jokowi bangun tol Trans Jawa.
Buat apa pak Jokowi bangun ibukota baru IKN.
Pikiran ini persis sama saat melintasi tol Jagorawi tahun 90an.",Fri Sep 27 12:22:26 +0000 2024,0,0
178,[],716125028,F_achmad21,raden21,1839640762377797862,@wawkoe @msaid_didu Pindah ibukota bukan berarti bikin kota baru dengan buka hutan dan bangun dr nol. Idenya BK itu di Palangkaraya bukan di IKN yg sekarang,Fri Sep 27 12:18:31 +0000 2024,1,31
179,[],2378651516,KWidiarso,Ken W.,1839640651723686046,"@BebySoSweet Jawa sdh padat kak....

Mosok bangun ibukota baru gak boleh, dinyinyirin terus.
Main kak ke IKN.

Hutang optimis bisa dibayar. https://t.co/iobcuJZnOO",Fri Sep 27 12:18:04 +0000 2024,0,0
180,[],1839180223771979776,rido_jakarta1,rido_jakarta1,1839640507204632859,"Jakarta Baru, Jakarta Maju. Slogan yang dibutuhkan Jakarta saat ini, kenapa ? 

Karena Jakarta sudah tidak lagi menjadi ibukota, sehingga membutuhkan imajinasi baru dan membutuhkan defini baru

Bersama R1DO Jakarta Redo !

#JakartaBaruJakartaMaju
#RidoUntukJakarta
#Satu1nJakarta https://t.co/7ZvZFdbRW2",Fri Sep 27 12:17:30 +0000 2024,0,0
181,[],1576122017891241984,brojong20,Brojong20,1839637622496313576,"@byukicep @realfedinuril Ga semudah itu mengusur kocak ğŸ¤£ 
Kalau mereka tau sudah jadi ibukota pasti harga melambung bisa puluhan kali lipat ğŸ¤£ 
Kasus jonggol contohnya baru isu saja naiknya 5-10x lipat ğŸ¤£",Fri Sep 27 12:06:02 +0000 2024,0,0
182,[],1497572388737019904,NayaYaman,Naya_yaman,1839635874386223164,"@realfedinuril Sebagai wacana / narasi keindonesiaan mungkin iya tp agak meragukan sejak awal jKT sudah memikul beban sebagai ibukota... Mesjid Istiqlal Istora, hotel Indonesia, baru dibangun Akir 50an - awal 60an ...",Fri Sep 27 11:59:05 +0000 2024,0,0
183,[],1055612952,Bud_Cavalera,Maling Cundang,1839626571633897565,"@elisa_jkt @realfedinuril @JJRizal Wacana pindah ibukota mmg ada ke Palangkaraya, tapi kalau yg dilakukan Mulyono dgn ikn-nya itu bukan pindah ibukota tapi membangun Ibu kota baru mulai dari nol",Fri Sep 27 11:22:07 +0000 2024,1,16
184,[],4475772374,AlfayAthep,athep alfay,1839614369250132213,"@DokterTifa Saya ga sudah dikait kaitkan dg IKN Krn sya sdh prediksi sbg Hambalang ke 2. Dn sdh ada bukti nyata dn fakta diluar sana yg mangkrak ketika ibukota pindah dg membangun dr awal. Sya yakin klw IKN berhasil dia akan dieluh elukan dibangga banggakan, baru tol trans Jawa ja girang bgt",Fri Sep 27 10:33:38 +0000 2024,0,0
185,[],34668337,toegiono,Capt. Jack Separoh,1839604235937190015,"@detikcom Dari awal juga kan bukan masalah tidak setuju bangun ibukota baru, tapi ya mbok dikondisikan, ekonomi lagi kurang bagus, hutang melejit, plus ditargetkan selesainya sekan kesusu susu kalau org jawa bilang. Ojo kesusu lah pak. Kepipi aja belum kok mau kesusuğŸ¤£ğŸ˜‚",Fri Sep 27 09:53:22 +0000 2024,0,0
186,[],1656820248664997889,_rtaufani,ratau,1839602047513161955,"Kalo ngomong soal pindah ibukota sebenernya setuju, cuman :
-gak bikin Kota baru (dari Nol)
-gak buru2 
-gak perlu bangunan simbolik
-yg pindah cuman pemerintahan, gk usah maksa industri juga
-gak perlu sampe ngerubah aturan agar menjaga keberlanjutan!!!!",Fri Sep 27 09:44:40 +0000 2024,0,0
187,"[{'display_url': 'web.archive.org/web/2010081613â€¦', 'expanded_url': 'https://web.archive.org/web/20100816130046/http://nasional.vivanews.com/news/read/169158-pendapat-mega-soal-pemindahan-ibukota', 'url': 'https://t.co/gOz8vHWKmQ', 'indices': [258, 281]}]",576868310,satrioobudi,philoshocker,1839601971407536587,"@realfedinuril Mantan presiden Megawati saat itu mendebat bahwa ibukota baru lebih tepat di Palangkaraya. Hingga akhirnya PDIP menguasai pemerintahan lagi, wacana pemindahan ibukota ke pulau kalimantan semakin digencarkan hingga akhirnya berhasil dibangun.

https://t.co/gOz8vHWKmQ",Fri Sep 27 09:44:22 +0000 2024,0,0
188,[],1679318449926062080,putradwi1851136,males,1839596815978786822,"@Yuureikunkun @UmarSyadatHsb__ harusnya jangan sekarang dipertanyakan, harusnya 5 tahun kedepan baru dipertanyakan masjid mewah menghabiskan anggaran ratusan milyar sudah rusak? kalo sekarang dibangun masjid mewah ya karena terletak di ibukota pasti sering dikunjungi tamu tamu negara juga biar ga cepet rusak",Fri Sep 27 09:23:53 +0000 2024,0,0
189,[],1644275631600054272,Purple27684,BLINK182,1839595969056501824,@msaid_didu Hutang udah besar tagihan jatuh tempo 2025...PUSINGGGGG hutan ribuan triliun mulyono lupa pertahanan nga dibangun prabowo sindir buat apa bangun ibukota baru kalo k nga aman ğŸ¤£ğŸ˜‚ğŸ¤£ğŸ¤£,Fri Sep 27 09:20:31 +0000 2024,0,0
190,[],1735243382023393280,blackshark7890,Blackshark7890,1839595183706706185,"Jakarta bukan lagi ibukota, ibukota yg baru juga belum bisa disebut ibukota, jadi? 

Puyeng ğŸ˜µâ€ğŸ’« https://t.co/vLmYtzS07J",Fri Sep 27 09:17:24 +0000 2024,91,215
191,[],1290280158432096268,sdmgvn,sdmgvin,1839593269988126737,@rejekianakbaik @realfedinuril Setau gw sih pemindahan ibukota baru ada di era sby itu juga di tolak mega dan pdip,Fri Sep 27 09:09:48 +0000 2024,0,5
192,[],919119071123095553,mtalamin_id,Amin Abu Humaira',1839592981403418969,@tempodotco Nyari kambing hitam die. Padahal pindah ibukota gak perlu bikin kota baru.,Fri Sep 27 09:08:39 +0000 2024,0,0
193,[],1605088181509976065,konohamaruu1,konohamaruu,1839591592275185895,"Sama bang Fedi, q juga belum pernah lihat narasi dari BPK presiden RI pertama dan orde Baru tentang pemindahan ibukota negara.... Yang punya bisa di upload.. please deh.",Fri Sep 27 09:03:08 +0000 2024,0,0
194,[],1603940995795910656,Emu7715,emu77,1839590564008013845,@tempodotco @Android_AK_47 awalnya dia ingin membuktikan pada dunia..bhwa si plonga plongo ini hebat bisa mewujudkan ibukota baru..endingnya justru IKN ini justru melegitimasi keplonga plongo annya..,Fri Sep 27 08:59:03 +0000 2024,0,0
195,[],1716646812386549760,law20956,LuciousLawliet,1839585932242210826,"@msaid_didu Gaya elit ekonomi sulit

Bangun kereta cepat aja hasil dari ngutang
Ini sok Sokan bangun ibukota baru
Kalau duitnya banyak utang g ada silahkan bermimpi bangun ini itu asal pake duit sendiri bukan hasil ngemis investor dsb",Fri Sep 27 08:40:38 +0000 2024,0,0
196,[],1765208517236113408,AnakJakselAI,AnakJaksel.AI,1839584972208030124,"@NOTASLIMBOY Kalau dibandingkan dengan Putrajaya, Malaysia

Ibukota Malaysia yang dibangun +- 40km dari KL, menelan biaya $8.1 Milliar USD pada tahun 2001.

Adjusted for inflation  ~$14.2 B in 2024 Money atau 213T IDR.

Jadi ya, kalau baru 72T untuk di tengah hutan, 
msh kurang bosque...",Fri Sep 27 08:36:49 +0000 2024,0,1
197,[],1052612694,DonFlamingo_,Donquixote Doflamingo ğŸ¦©,1839581087229440086,@realfedinuril Setahu gw sih di orde baru ada wacana ibukota pindah ke jonggol ya,Fri Sep 27 08:21:23 +0000 2024,0,0
198,[],1658103326314217472,byukicep,Agung Byu,1839580719120801888,"@realfedinuril Sy pernah baca kok ini, pemindahan IKN saya setuju, masalahnya bung Karno dulu pun memindahkan Ibukota pada kota yang sudah ada Palangkaraya, namun kenapa jaman mulyono dipilih di tengah hutan...

Knpa ga membangun kota yang baru saja....",Fri Sep 27 08:19:55 +0000 2024,0,4
199,[],1476899351012143104,bungkikal99,BungKikal99,1839572629105303899,"@realfedinuril jika ada itu datanya pun atau buktinya, apakah itu bisa jadi dasar pemindahan Ibukota? lagipula kalaupun mau pindah, kenapa harus pindah ke ""daerah baru""? ada banyak kota yg lebih layak dan sudah jadi, kenapa ke daerah yg harus dibangun dulu",Fri Sep 27 07:47:47 +0000 2024,0,1
200,[],59319789,ikan_mainan,AerokA,1839569434488524936,@SyarifullahDja1 @msaid_didu Masih banyak kota di Indonesia yg bisa dipake untuk ibukota. Gak harus bangun baru dari nol tebang hutan.,Fri Sep 27 07:35:05 +0000 2024,0,5
201,[],85390931,wongmlaku,TerimaKasihJokowi,1839567501933564161,"Menuju Indonesia Maju:
Ibukota lokasi di tengah Indonesia
Harga BBM merata di seluruh Indonesia
Akses logistik perdagangan lebih lancar dng Jalan Tol baru
Bendungan banyak dibangun untuk menuju intesifikasi dan extensifikasi Pertanian
Bandara banyak dibangun untuk akses Ind dll",Fri Sep 27 07:27:24 +0000 2024,0,1
202,[],1816315834253627392,Halimah22495046,Halimah,1839562173288477124,"@SyarifullahDja1 @msaid_didu Dan menurut aku sih ikn gak harus buat kota baru 
Banyak sekali biaya nya
Misal kota Palangkaraya saja jadi ibukota baru...",Fri Sep 27 07:06:14 +0000 2024,0,2
203,[],1676423786680451073,GunturKesu72057,Guntur Kesuma,1839559818019004510,"Bung Karno ingin pindah ibukota ke kota yg sudah ada,jadi pemerataan itu langsung bukan simbol,ada ratusan kota tertinggal, tapi milih buat kota baru,aneh,analoginya anda punya rumah kamar anak anda bocor anda lebih milih bangun rumah baru daripada perbaiki kamar anak anda dulu",Fri Sep 27 06:56:52 +0000 2024,0,5
204,[],125916074,bebekkasian,Bebek Kasian,1839555858218492076,"@NOTASLIMBOY kadang suka mikir, mungkin gak sih si pak Mul ini di ABS-in bawahan nya, di-""tipu"" bawahan nya? dijanjiin, diyakinin bisa bikin ibukota baru dalam waktu singkat?        ğŸ¤”",Fri Sep 27 06:41:08 +0000 2024,0,0
205,[],1489968121767395330,Dianingsih199,Dianingsih,1839549800758595887,"@kedelaihitam26 @yuia1315333 @UmarSyadatHsb__ Masa nanti ibukota baru masjid seadanya kira"" dong lu",Fri Sep 27 06:17:04 +0000 2024,0,2
206,[],1251162363669082112,yamanatau_,kolekdingin,1839549571841904752,@realfedinuril Kalo zaman Soekarno atau Soeharto sih pengennya malahan di Jonggol ga sih?pernah baca berita itu sebagai kandidat ibukota baru karena Daerahnya lebih strategis tapi malah pindah ke KaltimğŸ˜ŒğŸ¤§,Fri Sep 27 06:16:09 +0000 2024,0,2
207,[],104229525,gubrack,tungguldhewanuraga,1839548819954151512,@abu_waras Coba tanya ini saja: 20 Oktober pelantikan presiden baru akan dilakukan  di kota mana? Agar sah dan legitimate sesuai UU yang menyebutkan: dilaksanakan di Ibukota Negara.,Fri Sep 27 06:13:10 +0000 2024,0,3
208,"[{'display_url': 'swarmapp.com/izwanyrashid/câ€¦', 'expanded_url': 'https://www.swarmapp.com/izwanyrashid/checkin/66f64c25219a894930863774?s=foeNoY0U5NPJOl7ixkwD3tR5jxM&ref=tw', 'url': 'https://t.co/ftS5Y8iBPY', 'indices': [81, 104]}]",346353800,izwanyrashid,izitshere,1839547997505654919,"ğŸ¦ (@ Mack's Creamery in Kecamatan Kebayoran Baru, Daerah Khusus Ibukota Jakarta) https://t.co/ftS5Y8iBPY",Fri Sep 27 06:09:54 +0000 2024,0,0
209,[],402497224,bayusetiawwan,by.U (bukan provider),1839546659170336882,@tempodotco Pindah ibukota secara administratif dan bangun ibu kota baru adalah 2 hal yg berbeda,Fri Sep 27 06:04:35 +0000 2024,0,0
210,[],1057941355656228864,srikandimasjuna,ğŸ¾ğŸ’,1839531158444605664,"Lagian bangun ibukota bukan kotanya ditata dulu, bangun ekonominya dulu, bangun infrastruktur dulu, baru bangun pusat pemerintahannya. Ini mah kebalik wkwkwk... emang dasarnya mau menyenangkan pejabat pemerintah saja",Fri Sep 27 05:02:59 +0000 2024,0,0
211,[],146818308,SunshineIsIt,~W~,1839530549255524641,"Dari awal juga udah bau-bau gagal, mangkrak si gak ya, tapi gagal kek ibukota Myanmar yg baru",Fri Sep 27 05:00:34 +0000 2024,0,1
212,[],46523425,shintaeffendi,Shinta Effendi,1839530140793262234,"@tempodotco Ada pak harto, pak habibie, gusdur, bu mega, pak sby. 
Tp justru #mulyono yang paling KETERLALUAN; gagal melaksanakan amanat konstitusi. 
Bs2nya bahas &amp; lanjut ibukota baru sjk 2019; pdhl 2018 RIBUAN wafat &amp; jutaan menderita karena bencana, 2020-2022 pandemi covid, dst ğŸ™‚ https://t.co/Cqo0BG6WpQ",Fri Sep 27 04:58:57 +0000 2024,17,101
